<?xml version="1.0" encoding="UTF-8"?>
<!-- This is a project file for TaT Tile Map Editor. -->
<!-- This file is only used to load a project into the tile map editor. -->
<!-- This file is not needed when loading maps into games. -->

<TaT_TileMapEditor version="1.0.0">
	<project name="level5" author="level5">
		<tiles defaultTileWidth="40" defaultTileHeight="40" tilesetFile="tileset.xml"/>
		<description>
level5

		</description>
	</project>
	<tilepalette name="New palette 1" tileWidth="40" tileHeight="40">
		<image file="tiles_180.png"/>
		<image file="flag_pole_team2_scaled.png"/>
		<image file="tiles_166.png"/>
		<image file="tiles_175.png"/>
		<image file="m_generic7_die_0_scaled.png"/>
		<image file="flag_pole_team1_scaled.png"/>
		<image file="m_generic5_die_0_scaled.png"/>
		<image file="spawn_p3.png"/>
		<image file="tiles_189.png"/>
		<image file="spawn_p4.png"/>
		<image file="tiles_168.png"/>
		<image file="m_5_die_0_scaled.png"/>
		<image file="tiles_164.png"/>
		<image file="tiles_167.png"/>
		<image file="tiles_165.png"/>
		<image file="spawn_p2.png"/>
		<image file="spawn_p1.png"/>
		<image file="tiles_169.png"/>
		<image file="m_generic8_die_0_scaled.png"/>
		<image file="tiles_190.png"/>
		<image file="tiles_171.png"/>
		<image file="tiles_172.png"/>
	</tilepalette>
	<editorwindow mapName="Unnamed map 1" dotsBelowTiles="true" dotColor="128,128,128" collisionColor="255,0,0,64" showCollision="true" codeColor="255,0,0" codeFont="SansSerif,0,9" showCode="true" fps="30" measureFps="false" visible="true">
		<mapFile file="Unnamed map 1.xml"/>
	</editorwindow>
</TaT_TileMapEditor>
