<?xml version="1.0" encoding="UTF-8"?>
<!-- This is a tileset file for TaT Tile Map Editor. -->
<!-- This file is used to describe all the tiles and animations. -->
<!-- This file is common for all the maps in the project. -->

<tilesetFile version="1.0.0" animations="0" tiles="23">
	<tiles>
		<imageTile id="1" width="40" height="40">
			<image file="tiles_246.png"/>
			<collision area="none"/>
			<rotate angle="0"/>
			<flip vertically="false" horizontally="false"/>
			<code first="none" second="none"/>
		</imageTile>
		<imageTile id="2" width="40" height="40">
			<image file="tiles_272.png"/>
			<collision area="none"/>
			<rotate angle="0"/>
			<flip vertically="false" horizontally="false"/>
			<code first="none" second="none"/>
		</imageTile>
		<imageTile id="3" width="40" height="40">
			<image file="tiles_250.png"/>
			<collision area="none"/>
			<rotate angle="0"/>
			<flip vertically="false" horizontally="false"/>
			<code first="none" second="none"/>
		</imageTile>
		<imageTile id="4" width="40" height="40">
			<image file="tiles_251.png"/>
			<collision area="none"/>
			<rotate angle="0"/>
			<flip vertically="false" horizontally="false"/>
			<code first="none" second="none"/>
		</imageTile>
		<imageTile id="5" width="40" height="40">
			<image file="tiles_253.png"/>
			<collision area="none"/>
			<rotate angle="0"/>
			<flip vertically="false" horizontally="false"/>
			<code first="none" second="none"/>
		</imageTile>
		<imageTile id="6" width="40" height="40">
			<image file="tiles_265.png"/>
			<collision area="none"/>
			<rotate angle="0"/>
			<flip vertically="false" horizontally="false"/>
			<code first="none" second="none"/>
		</imageTile>
		<imageTile id="7" width="40" height="40">
			<image file="tiles_262.png"/>
			<collision area="none"/>
			<rotate angle="0"/>
			<flip vertically="false" horizontally="false"/>
			<code first="none" second="none"/>
		</imageTile>
		<imageTile id="8" width="40" height="40">
			<image file="tiles_254.png"/>
			<collision area="none"/>
			<rotate angle="0"/>
			<flip vertically="false" horizontally="false"/>
			<code first="none" second="none"/>
		</imageTile>
		<imageTile id="9" width="40" height="40">
			<image file="tiles_249.png"/>
			<collision area="none"/>
			<rotate angle="0"/>
			<flip vertically="false" horizontally="false"/>
			<code first="none" second="none"/>
		</imageTile>
		<imageTile id="10" width="40" height="40">
			<image file="tiles_247.png"/>
			<collision area="none"/>
			<rotate angle="0"/>
			<flip vertically="false" horizontally="false"/>
			<code first="none" second="none"/>
		</imageTile>
		<imageTile id="11" width="40" height="40">
			<image file="tiles_261.png"/>
			<collision area="none"/>
			<rotate angle="0"/>
			<flip vertically="false" horizontally="false"/>
			<code first="none" second="none"/>
		</imageTile>
		<imageTile id="12" width="40" height="40">
			<image file="tiles_258.png"/>
			<collision area="none"/>
			<rotate angle="0"/>
			<flip vertically="false" horizontally="false"/>
			<code first="none" second="none"/>
		</imageTile>
		<imageTile id="13" width="40" height="40">
			<image file="tiles_257.png"/>
			<collision area="none"/>
			<rotate angle="0"/>
			<flip vertically="false" horizontally="false"/>
			<code first="none" second="none"/>
		</imageTile>
		<imageTile id="14" width="40" height="40">
			<image file="tiles_248.png"/>
			<collision area="none"/>
			<rotate angle="0"/>
			<flip vertically="false" horizontally="false"/>
			<code first="none" second="none"/>
		</imageTile>
		<imageTile id="15" width="40" height="40">
			<image file="spawn_p1.png"/>
			<collision area="none"/>
			<rotate angle="0"/>
			<flip vertically="false" horizontally="false"/>
			<code first="none" second="none"/>
		</imageTile>
		<imageTile id="16" width="40" height="40">
			<image file="m_3_die_0_scaled.png"/>
			<collision area="none"/>
			<rotate angle="0"/>
			<flip vertically="false" horizontally="false"/>
			<code first="none" second="none"/>
		</imageTile>
		<imageTile id="17" width="40" height="40">
			<image file="spawn_p3.png"/>
			<collision area="none"/>
			<rotate angle="0"/>
			<flip vertically="false" horizontally="false"/>
			<code first="none" second="none"/>
		</imageTile>
		<imageTile id="18" width="40" height="40">
			<image file="m_4_die_0_scaled.png"/>
			<collision area="none"/>
			<rotate angle="0"/>
			<flip vertically="false" horizontally="false"/>
			<code first="none" second="none"/>
		</imageTile>
		<imageTile id="19" width="40" height="40">
			<image file="m_generic9_die_0_scaled.png"/>
			<collision area="none"/>
			<rotate angle="0"/>
			<flip vertically="false" horizontally="false"/>
			<code first="none" second="none"/>
		</imageTile>
		<imageTile id="20" width="40" height="40">
			<image file="spawn_p4.png"/>
			<collision area="none"/>
			<rotate angle="0"/>
			<flip vertically="false" horizontally="false"/>
			<code first="none" second="none"/>
		</imageTile>
		<imageTile id="21" width="40" height="40">
			<image file="spawn_p2.png"/>
			<collision area="none"/>
			<rotate angle="0"/>
			<flip vertically="false" horizontally="false"/>
			<code first="none" second="none"/>
		</imageTile>
		<imageTile id="22" width="40" height="40">
			<image file="flag_pole_team1_scaled.png"/>
			<collision area="none"/>
			<rotate angle="0"/>
			<flip vertically="false" horizontally="false"/>
			<code first="none" second="none"/>
		</imageTile>
		<imageTile id="23" width="40" height="40">
			<image file="flag_pole_team2_scaled.png"/>
			<collision area="none"/>
			<rotate angle="0"/>
			<flip vertically="false" horizontally="false"/>
			<code first="none" second="none"/>
		</imageTile>
	</tiles>
</tilesetFile>
