<?xml version="1.0" encoding="UTF-8"?>
<!-- This is a tileset file for TaT Tile Map Editor. -->
<!-- This file is used to describe all the tiles and animations. -->
<!-- This file is common for all the maps in the project. -->

<tilesetFile version="1.0.0" animations="0" tiles="22">
	<tiles>
		<imageTile id="1" width="40" height="40">
			<image file="tiles_164.png"/>
			<collision area="none"/>
			<rotate angle="0"/>
			<flip vertically="false" horizontally="false"/>
			<code first="none" second="none"/>
		</imageTile>
		<imageTile id="2" width="40" height="40">
			<image file="tiles_165.png"/>
			<collision area="none"/>
			<rotate angle="0"/>
			<flip vertically="false" horizontally="false"/>
			<code first="none" second="none"/>
		</imageTile>
		<imageTile id="3" width="40" height="40">
			<image file="tiles_189.png"/>
			<collision area="none"/>
			<rotate angle="0"/>
			<flip vertically="false" horizontally="false"/>
			<code first="none" second="none"/>
		</imageTile>
		<imageTile id="4" width="40" height="40">
			<image file="tiles_168.png"/>
			<collision area="none"/>
			<rotate angle="0"/>
			<flip vertically="false" horizontally="false"/>
			<code first="none" second="none"/>
		</imageTile>
		<imageTile id="5" width="40" height="40">
			<image file="tiles_169.png"/>
			<collision area="none"/>
			<rotate angle="0"/>
			<flip vertically="false" horizontally="false"/>
			<code first="none" second="none"/>
		</imageTile>
		<imageTile id="6" width="40" height="40">
			<image file="tiles_171.png"/>
			<collision area="none"/>
			<rotate angle="0"/>
			<flip vertically="false" horizontally="false"/>
			<code first="none" second="none"/>
		</imageTile>
		<imageTile id="7" width="40" height="40">
			<image file="tiles_190.png"/>
			<collision area="none"/>
			<rotate angle="0"/>
			<flip vertically="false" horizontally="false"/>
			<code first="none" second="none"/>
		</imageTile>
		<imageTile id="8" width="40" height="40">
			<image file="tiles_180.png"/>
			<collision area="none"/>
			<rotate angle="0"/>
			<flip vertically="false" horizontally="false"/>
			<code first="none" second="none"/>
		</imageTile>
		<imageTile id="9" width="40" height="40">
			<image file="tiles_172.png"/>
			<collision area="none"/>
			<rotate angle="0"/>
			<flip vertically="false" horizontally="false"/>
			<code first="none" second="none"/>
		</imageTile>
		<imageTile id="10" width="40" height="40">
			<image file="tiles_167.png"/>
			<collision area="none"/>
			<rotate angle="0"/>
			<flip vertically="false" horizontally="false"/>
			<code first="none" second="none"/>
		</imageTile>
		<imageTile id="11" width="40" height="40">
			<image file="tiles_175.png"/>
			<collision area="none"/>
			<rotate angle="0"/>
			<flip vertically="false" horizontally="false"/>
			<code first="none" second="none"/>
		</imageTile>
		<imageTile id="12" width="40" height="40">
			<image file="tiles_166.png"/>
			<collision area="none"/>
			<rotate angle="0"/>
			<flip vertically="false" horizontally="false"/>
			<code first="none" second="none"/>
		</imageTile>
		<imageTile id="13" width="40" height="40">
			<image file="spawn_p3.png"/>
			<collision area="none"/>
			<rotate angle="0"/>
			<flip vertically="false" horizontally="false"/>
			<code first="none" second="none"/>
		</imageTile>
		<imageTile id="14" width="40" height="40">
			<image file="spawn_p1.png"/>
			<collision area="none"/>
			<rotate angle="0"/>
			<flip vertically="false" horizontally="false"/>
			<code first="none" second="none"/>
		</imageTile>
		<imageTile id="15" width="40" height="40">
			<image file="m_generic8_die_0_scaled.png"/>
			<collision area="none"/>
			<rotate angle="0"/>
			<flip vertically="false" horizontally="false"/>
			<code first="none" second="none"/>
		</imageTile>
		<imageTile id="16" width="40" height="40">
			<image file="m_5_die_0_scaled.png"/>
			<collision area="none"/>
			<rotate angle="0"/>
			<flip vertically="false" horizontally="false"/>
			<code first="none" second="none"/>
		</imageTile>
		<imageTile id="17" width="40" height="40">
			<image file="m_generic7_die_0_scaled.png"/>
			<collision area="none"/>
			<rotate angle="0"/>
			<flip vertically="false" horizontally="false"/>
			<code first="none" second="none"/>
		</imageTile>
		<imageTile id="18" width="40" height="40">
			<image file="spawn_p4.png"/>
			<collision area="none"/>
			<rotate angle="0"/>
			<flip vertically="false" horizontally="false"/>
			<code first="none" second="none"/>
		</imageTile>
		<imageTile id="19" width="40" height="40">
			<image file="m_generic5_die_0_scaled.png"/>
			<collision area="none"/>
			<rotate angle="0"/>
			<flip vertically="false" horizontally="false"/>
			<code first="none" second="none"/>
		</imageTile>
		<imageTile id="20" width="40" height="40">
			<image file="spawn_p2.png"/>
			<collision area="none"/>
			<rotate angle="0"/>
			<flip vertically="false" horizontally="false"/>
			<code first="none" second="none"/>
		</imageTile>
		<imageTile id="21" width="40" height="40">
			<image file="flag_pole_team1_scaled.png"/>
			<collision area="none"/>
			<rotate angle="0"/>
			<flip vertically="false" horizontally="false"/>
			<code first="none" second="none"/>
		</imageTile>
		<imageTile id="22" width="40" height="40">
			<image file="flag_pole_team2_scaled.png"/>
			<collision area="none"/>
			<rotate angle="0"/>
			<flip vertically="false" horizontally="false"/>
			<code first="none" second="none"/>
		</imageTile>
	</tiles>
</tilesetFile>
