<?xml version="1.0" encoding="UTF-8"?>
<!-- This is a project file for TaT Tile Map Editor. -->
<!-- This file is only used to load a project into the tile map editor. -->
<!-- This file is not needed when loading maps into games. -->

<TaT_TileMapEditor version="1.0.0">
	<project name="level3" author="null">
		<tiles defaultTileWidth="40" defaultTileHeight="40" tilesetFile="tileset.xml"/>
		<description>

		</description>
	</project>
	<tilepalette name="pallete" tileWidth="40" tileHeight="40">
		<image file="tiles_86.png"/>
		<image file="m_generic2_walk_0.png"/>
		<image file="m_generic4_walk_0.png"/>
		<image file="tiles_87.png"/>
		<image file="m_generic3_walk_0.png"/>
		<image file="tiles_85.png"/>
		<image file="tiles_97.png"/>
		<image file="spawn_p3.png"/>
		<image file="tiles_84.png"/>
		<image file="tiles_89.png"/>
		<image file="spawn_p4.png"/>
		<image file="flag_pole_team2.png"/>
		<image file="tiles_104.png"/>
		<image file="spawn_p2.png"/>
		<image file="spawn_p1.png"/>
		<image file="tiles_94.png"/>
		<image file="tiles_83.png"/>
		<image file="tiles_106.png"/>
		<image file="tiles_99.png"/>
		<image file="tiles_98.png"/>
		<image file="tiles_91.png"/>
		<image file="m_generic5_walk_0.png"/>
		<image file="flag_pole_team1.png"/>
		<image file="tiles_90.png"/>
		<image file="tiles_105.png"/>
		<image file="tiles_93.png"/>
	</tilepalette>
	<editorwindow mapName="level3" dotsBelowTiles="true" dotColor="128,128,128" collisionColor="255,0,0,64" showCollision="true" codeColor="255,0,0" codeFont="SansSerif,0,9" showCode="true" fps="30" measureFps="false" visible="true">
		<mapFile file="level3.xml"/>
	</editorwindow>
</TaT_TileMapEditor>
