<?xml version="1.0" encoding="UTF-8"?>
<!-- This is a project file for TaT Tile Map Editor. -->
<!-- This file is only used to load a project into the tile map editor. -->
<!-- This file is not needed when loading maps into games. -->

<TaT_TileMapEditor version="1.0.0">
	<project name="level6" author="level6">
		<tiles defaultTileWidth="40" defaultTileHeight="40" tilesetFile="tileset.xml"/>
		<description>
level6						

		</description>
	</project>
	<tilepalette name="New palette 1" tileWidth="40" tileHeight="40">
		<image file="tiles_295.png"/>
		<image file="m_generic2_die_0_scaled.png"/>
		<image file="tiles_303.png"/>
		<image file="tiles_292.png"/>
		<image file="spawn_p3.png"/>
		<image file="tiles_294.png"/>
		<image file="spawn_p4.png"/>
		<image file="m_2_die_0_scaled.png"/>
		<image file="spawn_p1.png"/>
		<image file="spawn_p2.png"/>
		<image file="tiles_306.png"/>
		<image file="tiles_291.png"/>
		<image file="tiles_290.png"/>
		<image file="flag_pole_team2_scaled.png"/>
		<image file="tiles_304.png"/>
		<image file="tiles_296.png"/>
		<image file="tiles_297.png"/>
		<image file="flag_pole_team1_scaled.png"/>
		<image file="tiles_288.png"/>
		<image file="tiles_313.png"/>
		<image file="tiles_289.png"/>
		<image file="tiles_309.png"/>
		<image file="tiles_305.png"/>
		<image file="m_generic3_die_0_scaled.png"/>
		<image file="tiles_287.png"/>
		<image file="tiles_298.png"/>
	</tilepalette>
	<editorwindow mapName="level5" dotsBelowTiles="true" dotColor="128,128,128" collisionColor="255,0,0,64" showCollision="true" codeColor="255,0,0" codeFont="SansSerif,0,9" showCode="true" fps="30" measureFps="false" visible="true">
		<mapFile file="level5.xml"/>
	</editorwindow>
</TaT_TileMapEditor>
