<?xml version="1.0" encoding="UTF-8"?>
<!-- This is a project file for TaT Tile Map Editor. -->
<!-- This file is only used to load a project into the tile map editor. -->
<!-- This file is not needed when loading maps into games. -->

<TaT_TileMapEditor version="1.0.0">
	<project name="Level4" author="filipe">
		<tiles defaultTileWidth="40" defaultTileHeight="40" tilesetFile="tileset.xml"/>
		<description>
Level4

		</description>
	</project>
	<tilepalette name="Tile_Palette" tileWidth="40" tileHeight="40">
		<image file="tiles_126.png"/>
		<image file="tiles_144.png"/>
		<image file="tiles_125.png"/>
		<image file="tiles_138.png"/>
		<image file="tiles_127.png"/>
		<image file="spawn_p3.png"/>
		<image file="m_5_walk_down_0_scaled.png"/>
		<image file="spawn_p4.png"/>
		<image file="tiles_143.png"/>
		<image file="flag_pole_team2.png"/>
		<image file="tiles_123.png"/>
		<image file="spawn_p2.png"/>
		<image file="spawn_p1.png"/>
		<image file="tiles_124.png"/>
		<image file="m_3_walk_down_0_scaled.png"/>
		<image file="tiles_134.png"/>
		<image file="tiles_140.png"/>
		<image file="m_1_walk_down_0_scaled.png"/>
		<image file="tiles_131.png"/>
		<image file="m_2_walk_down_0_scaled.png"/>
		<image file="tiles_137.png"/>
		<image file="flag_pole_team1.png"/>
		<image file="tiles_146.png"/>
		<image file="tiles_130.png"/>
		<image file="tiles_128.png"/>
	</tilepalette>
	<editorwindow mapName="Unnamed map 1" dotsBelowTiles="true" dotColor="128,128,128" collisionColor="255,0,0,64" showCollision="true" codeColor="255,0,0" codeFont="SansSerif,0,9" showCode="true" fps="30" measureFps="false" visible="true">
		<mapFile file="Unnamed map 1.xml"/>
	</editorwindow>
</TaT_TileMapEditor>
