<?xml version="1.0" encoding="UTF-8"?>
<!-- This is a tileset file for TaT Tile Map Editor. -->
<!-- This file is used to describe all the tiles and animations. -->
<!-- This file is common for all the maps in the project. -->

<tilesetFile version="1.0.0" animations="0" tiles="23">
	<tiles>
		<imageTile id="1" width="40" height="40">
			<image file="tiles_205.png"/>
			<collision area="none"/>
			<rotate angle="0"/>
			<flip vertically="false" horizontally="false"/>
			<code first="none" second="none"/>
		</imageTile>
		<imageTile id="2" width="40" height="40">
			<image file="tiles_206.png"/>
			<collision area="none"/>
			<rotate angle="0"/>
			<flip vertically="false" horizontally="false"/>
			<code first="none" second="none"/>
		</imageTile>
		<imageTile id="3" width="40" height="40">
			<image file="tiles_220.png"/>
			<collision area="none"/>
			<rotate angle="0"/>
			<flip vertically="false" horizontally="false"/>
			<code first="none" second="none"/>
		</imageTile>
		<imageTile id="4" width="40" height="40">
			<image file="tiles_209.png"/>
			<collision area="none"/>
			<rotate angle="0"/>
			<flip vertically="false" horizontally="false"/>
			<code first="none" second="none"/>
		</imageTile>
		<imageTile id="5" width="40" height="40">
			<image file="tiles_210.png"/>
			<collision area="none"/>
			<rotate angle="0"/>
			<flip vertically="false" horizontally="false"/>
			<code first="none" second="none"/>
		</imageTile>
		<imageTile id="6" width="40" height="40">
			<image file="tiles_212.png"/>
			<collision area="none"/>
			<rotate angle="0"/>
			<flip vertically="false" horizontally="false"/>
			<code first="none" second="none"/>
		</imageTile>
		<imageTile id="7" width="40" height="40">
			<image file="tiles_221.png"/>
			<collision area="none"/>
			<rotate angle="0"/>
			<flip vertically="false" horizontally="false"/>
			<code first="none" second="none"/>
		</imageTile>
		<imageTile id="8" width="40" height="40">
			<image file="tiles_208.png"/>
			<collision area="none"/>
			<rotate angle="0"/>
			<flip vertically="false" horizontally="false"/>
			<code first="none" second="none"/>
		</imageTile>
		<imageTile id="9" width="40" height="40">
			<image file="tiles_213.png"/>
			<collision area="none"/>
			<rotate angle="0"/>
			<flip vertically="false" horizontally="false"/>
			<code first="none" second="none"/>
		</imageTile>
		<imageTile id="10" width="40" height="40">
			<image file="tiles_217.png"/>
			<collision area="none"/>
			<rotate angle="0"/>
			<flip vertically="false" horizontally="false"/>
			<code first="none" second="none"/>
		</imageTile>
		<imageTile id="11" width="40" height="40">
			<image file="tiles_211.png"/>
			<collision area="none"/>
			<rotate angle="0"/>
			<flip vertically="false" horizontally="false"/>
			<code first="none" second="none"/>
		</imageTile>
		<imageTile id="12" width="40" height="40">
			<image file="tiles_207.png"/>
			<collision area="none"/>
			<rotate angle="0"/>
			<flip vertically="false" horizontally="false"/>
			<code first="none" second="none"/>
		</imageTile>
		<imageTile id="13" width="40" height="40">
			<image file="spawn_p3.png"/>
			<collision area="none"/>
			<rotate angle="0"/>
			<flip vertically="false" horizontally="false"/>
			<code first="none" second="none"/>
		</imageTile>
		<imageTile id="14" width="40" height="40">
			<image file="m_generic5_walk_0.png"/>
			<collision area="none"/>
			<rotate angle="0"/>
			<flip vertically="false" horizontally="false"/>
			<code first="none" second="none"/>
		</imageTile>
		<imageTile id="15" width="40" height="40">
			<image file="spawn_p2.png"/>
			<collision area="none"/>
			<rotate angle="0"/>
			<flip vertically="false" horizontally="false"/>
			<code first="none" second="none"/>
		</imageTile>
		<imageTile id="16" width="40" height="40">
			<image file="m_1_walk_down_0.png"/>
			<collision area="none"/>
			<rotate angle="0"/>
			<flip vertically="false" horizontally="false"/>
			<code first="none" second="none"/>
		</imageTile>
		<imageTile id="17" width="40" height="40">
			<image file="m_generic8_walk_0.png"/>
			<collision area="none"/>
			<rotate angle="0"/>
			<flip vertically="false" horizontally="false"/>
			<code first="none" second="none"/>
		</imageTile>
		<imageTile id="18" width="40" height="40">
			<image file="m_generic3_walk_0.png"/>
			<collision area="none"/>
			<rotate angle="0"/>
			<flip vertically="false" horizontally="false"/>
			<code first="none" second="none"/>
		</imageTile>
		<imageTile id="19" width="40" height="40">
			<image file="spawn_p1.png"/>
			<collision area="none"/>
			<rotate angle="0"/>
			<flip vertically="false" horizontally="false"/>
			<code first="none" second="none"/>
		</imageTile>
		<imageTile id="20" width="40" height="40">
			<image file="m_generic9_walk_0.png"/>
			<collision area="none"/>
			<rotate angle="0"/>
			<flip vertically="false" horizontally="false"/>
			<code first="none" second="none"/>
		</imageTile>
		<imageTile id="21" width="40" height="40">
			<image file="spawn_p4.png"/>
			<collision area="none"/>
			<rotate angle="0"/>
			<flip vertically="false" horizontally="false"/>
			<code first="none" second="none"/>
		</imageTile>
		<imageTile id="22" width="40" height="40">
			<image file="flag_pole_team1.png"/>
			<collision area="none"/>
			<rotate angle="0"/>
			<flip vertically="false" horizontally="false"/>
			<code first="none" second="none"/>
		</imageTile>
		<imageTile id="23" width="40" height="40">
			<image file="flag_pole_team2.png"/>
			<collision area="none"/>
			<rotate angle="0"/>
			<flip vertically="false" horizontally="false"/>
			<code first="none" second="none"/>
		</imageTile>
	</tiles>
</tilesetFile>
