<?xml version="1.0" encoding="UTF-8"?>
<!-- This is a project file for TaT Tile Map Editor. -->
<!-- This file is only used to load a project into the tile map editor. -->
<!-- This file is not needed when loading maps into games. -->

<TaT_TileMapEditor version="1.0.0">
	<project name="levelA" author="levelA">
		<tiles defaultTileWidth="40" defaultTileHeight="40" tilesetFile="tileset.xml"/>
		<description>
levelA

		</description>
	</project>
	<tilepalette name="New palette 2" tileWidth="40" tileHeight="40">
		<image file="flag_pole_team2_scaled.png"/>
		<image file="tiles_246.png"/>
		<image file="tiles_261.png"/>
		<image file="m_generic9_die_0_scaled.png"/>
		<image file="tiles_253.png"/>
		<image file="flag_pole_team1_scaled.png"/>
		<image file="spawn_p3.png"/>
		<image file="tiles_254.png"/>
		<image file="m_3_die_0_scaled.png"/>
		<image file="spawn_p4.png"/>
		<image file="m_5_die_0_scaled.png"/>
		<image file="spawn_p2.png"/>
		<image file="spawn_p1.png"/>
		<image file="tiles_262.png"/>
		<image file="tiles_250.png"/>
		<image file="tiles_249.png"/>
		<image file="tiles_247.png"/>
		<image file="tiles_258.png"/>
		<image file="tiles_272.png"/>
		<image file="tiles_257.png"/>
		<image file="tiles_248.png"/>
		<image file="tiles_265.png"/>
		<image file="tiles_251.png"/>
	</tilepalette>
	<editorwindow mapName="level7" dotsBelowTiles="true" dotColor="128,128,128" collisionColor="255,0,0,64" showCollision="true" codeColor="255,0,0" codeFont="SansSerif,0,9" showCode="true" fps="30" measureFps="false" visible="true">
		<mapFile file="level7.xml"/>
	</editorwindow>
</TaT_TileMapEditor>
