<?xml version="1.0" encoding="UTF-8"?>
<!-- This is a project file for TaT Tile Map Editor. -->
<!-- This file is only used to load a project into the tile map editor. -->
<!-- This file is not needed when loading maps into games. -->

<TaT_TileMapEditor version="1.0.0">
	<project name="level4" author="null">
		<tiles defaultTileWidth="40" defaultTileHeight="40" tilesetFile="tileset.xml"/>
		<description>

		</description>
	</project>
	<tilepalette name="pallete" tileWidth="40" tileHeight="40">
		<image file="tiles_210.png"/>
		<image file="m_generic2_walk_0.png"/>
		<image file="m_generic4_walk_0.png"/>
		<image file="tiles_209.png"/>
		<image file="tiles_230.png"/>
		<image file="m_generic3_walk_0.png"/>
		<image file="tiles_211.png"/>
		<image file="tiles_214.png"/>
		<image file="spawn_p3.png"/>
		<image file="spawn_p4.png"/>
		<image file="tiles_228.png"/>
		<image file="m_1_walk_down_0.png"/>
		<image file="flag_pole_team2.png"/>
		<image file="tiles_205.png"/>
		<image file="tiles_213.png"/>
		<image file="tiles_226.png"/>
		<image file="tiles_208.png"/>
		<image file="spawn_p1.png"/>
		<image file="spawn_p2.png"/>
		<image file="m_generic8_walk_0.png"/>
		<image file="tiles_212.png"/>
		<image file="tiles_207.png"/>
		<image file="tiles_206.png"/>
		<image file="tiles_227.png"/>
		<image file="tiles_217.png"/>
		<image file="m_generic9_walk_0.png"/>
		<image file="tiles_220.png"/>
		<image file="tiles_221.png"/>
		<image file="tiles_225.png"/>
		<image file="m_generic5_walk_0.png"/>
		<image file="flag_pole_team1.png"/>
		<image file="tiles_224.png"/>
	</tilepalette>
	<editorwindow mapName="level4" dotsBelowTiles="true" dotColor="128,128,128" collisionColor="255,0,0,64" showCollision="true" codeColor="255,0,0" codeFont="SansSerif,0,9" showCode="true" fps="30" measureFps="false" visible="true">
		<mapFile file="level4.xml"/>
	</editorwindow>
</TaT_TileMapEditor>
